{"version":"0.1.0","name":"bizfi_market","instructions":[{"name":"initializeMarket","accounts":[{"name":"market","isMut":true,"isSigner":false},{"name":"vaultAuthority","isMut":false,"isSigner":false},{"name":"vaultUsdc","isMut":true,"isSigner":false},{"name":"usdcMint","isMut":false,"isSigner":false},{"name":"creator","isMut":true,"isSigner":true},{"name":"tokenProgram","isMut":false,"isSigner":false},{"name":"systemProgram","isMut":false,"isSigner":false},{"name":"rent","isMut":false,"isSigner":false}],"args":[{"name":"marketId","type":"u64"},{"name":"question","type":"string"},{"name":"duration","type":"i64"}]},{"name":"placeBet","accounts":[{"name":"market","isMut":true,"isSigner":false},{"name":"user","isMut":true,"isSigner":true},{"name":"userUsdc","isMut":true,"isSigner":false},{"name":"vaultAuthority","isMut":false,"isSigner":false},{"name":"vaultUsdc","isMut":true,"isSigner":false},{"name":"userPosition","isMut":true,"isSigner":false},{"name":"tokenProgram","isMut":false,"isSigner":false},{"name":"systemProgram","isMut":false,"isSigner":false},{"name":"rent","isMut":false,"isSigner":false}],"args":[{"name":"amount","type":"u64"},{"name":"betOnYes","type":"bool"}]},{"name":"resolveMarket","accounts":[{"name":"market","isMut":true,"isSigner":false},{"name":"authority","isMut":false,"isSigner":true}],"args":[{"name":"outcome","type":"bool"}]},{"name":"claimWinnings","accounts":[{"name":"market","isMut":true,"isSigner":false},{"name":"user","isMut":true,"isSigner":true},{"name":"userUsdc","isMut":true,"isSigner":false},{"name":"vaultAuthority","isMut":false,"isSigner":false},{"name":"vaultUsdc","isMut":true,"isSigner":false},{"name":"userPosition","isMut":true,"isSigner":false},{"name":"tokenProgram","isMut":false,"isSigner":false}],"args":[]}],"accounts":[{"name":"Market","type":{"kind":"struct","fields":[{"name":"marketId","type":"u64"},{"name":"creator","type":"publicKey"},{"name":"question","type":"string"},{"name":"endTime","type":"i64"},{"name":"status","type":{"defined":"MarketStatus"}},{"name":"totalPool","type":"u64"},{"name":"yesPool","type":"u64"},{"name":"noPool","type":"u64"},{"name":"outcome","type":"bool"},{"name":"usdcMint","type":"publicKey"},{"name":"marketBump","type":"u8"},{"name":"vaultBump","type":"u8"},{"name":"vaultAuthorityBump","type":"u8"}]}},{"name":"UserPosition","type":{"kind":"struct","fields":[{"name":"user","type":"publicKey"},{"name":"market","type":"publicKey"},{"name":"yesAmount","type":"u64"},{"name":"noAmount","type":"u64"},{"name":"claimed","type":"bool"},{"name":"bump","type":"u8"}]}}],"types":[{"name":"MarketStatus","type":{"kind":"enum","variants":[{"name":"Active"},{"name":"Resolved"},{"name":"Disputed"}]}}],"errors":[{"code":6000,"name":"MarketNotActive","msg":"Market is not currently active"},{"code":6001,"name":"Unauthorized","msg":"Unauthorized access"},{"code":6002,"name":"QuestionTooLong","msg":"Question too long (max 256 chars)"},{"code":6003,"name":"InvalidDuration","msg":"Invalid duration"},{"code":6004,"name":"MarketExpired","msg":"Market has expired"},{"code":6005,"name":"InvalidAmount","msg":"Invalid amount"},{"code":6006,"name":"MarketNotExpired","msg":"Market not expired yet"},{"code":6007,"name":"MarketNotResolved","msg":"Market not resolved yet"},{"code":6008,"name":"AlreadyClaimed","msg":"Already claimed"},{"code":6009,"name":"NoWinnings","msg":"No winnings to claim"},{"code":6010,"name":"MathOverflow","msg":"Math overflow"},{"code":6011,"name":"InvalidMarketId","msg":"Invalid market id"},{"code":6012,"name":"InvalidPositionOwner","msg":"Invalid position owner"},{"code":6013,"name":"InvalidPositionMarket","msg":"Invalid position market"},{"code":6014,"name":"InvalidTokenOwner","msg":"Invalid token owner"},{"code":6015,"name":"InvalidTokenMint","msg":"Invalid token mint"},{"code":6016,"name":"InvalidVaultAuthority","msg":"Invalid vault authority"}]}